Period,n,Flagged,Proportion
2006-10-01,6,NA,NA
2006-11-26,1,NA,NA
2006-12-17,4,NA,NA
2006-12-31,1,NA,NA
2007-01-28,8,NA,NA
2007-02-04,16,NA,NA
2007-02-11,14,NA,NA
2007-02-18,7,NA,NA
2007-02-25,3,NA,NA
2007-03-04,22,NA,NA
2007-03-11,34,NA,NA
2007-03-18,22,NA,NA
2007-03-25,88,NA,NA
2007-04-01,40,NA,NA
2007-04-08,40,NA,NA
2007-04-15,118,NA,NA
2007-04-22,181,NA,NA
2007-04-29,177,NA,NA
2007-05-06,160,NA,NA
2007-05-13,138,NA,NA
2007-05-20,146,NA,NA
2007-05-27,158,NA,NA
2007-06-03,149,NA,NA
2007-06-10,152,NA,NA
2007-06-17,154,NA,NA
2007-06-24,138,1,0.007246376811594203
2007-07-01,138,NA,NA
2007-07-08,147,NA,NA
2007-07-15,70,NA,NA
2007-07-22,91,NA,NA
2007-07-29,125,NA,NA
2007-08-05,181,NA,NA
2007-08-12,144,NA,NA
2007-08-19,284,NA,NA
2007-08-26,139,NA,NA
2007-09-02,70,NA,NA
2007-09-09,98,NA,NA
2007-09-16,128,NA,NA
2007-09-23,167,NA,NA
2007-09-30,185,NA,NA
2007-10-07,204,NA,NA
2007-10-14,157,NA,NA
2007-10-21,145,NA,NA
2007-10-28,178,NA,NA
2007-11-04,200,NA,NA
2007-11-11,226,NA,NA
2007-11-18,114,NA,NA
2007-11-25,138,NA,NA
2007-12-02,162,NA,NA
2007-12-09,258,NA,NA
2007-12-16,273,NA,NA
2007-12-23,279,NA,NA
2007-12-30,399,NA,NA
2008-01-06,369,NA,NA
2008-01-13,354,NA,NA
2008-01-20,314,NA,NA
2008-01-27,273,NA,NA
2008-02-03,266,NA,NA
2008-02-10,288,NA,NA
2008-02-17,343,NA,NA
2008-02-24,314,NA,NA
2008-03-02,343,NA,NA
2008-03-09,478,NA,NA
2008-03-16,590,NA,NA
2008-03-23,666,1,0.0015015015015015015
2008-03-30,723,NA,NA
2008-04-06,663,NA,NA
2008-04-13,711,NA,NA
2008-04-20,731,NA,NA
2008-04-27,925,NA,NA
2008-05-04,1155,NA,NA
2008-05-11,1052,NA,NA
2008-05-18,872,NA,NA
2008-05-25,809,1,0.0012360939431396785
2008-06-01,800,NA,NA
2008-06-08,949,NA,NA
2008-06-15,891,NA,NA
2008-06-22,752,NA,NA
2008-06-29,900,NA,NA
2008-07-06,1097,NA,NA
2008-07-13,1362,NA,NA
2008-07-20,1245,NA,NA
2008-07-27,1336,NA,NA
2008-08-03,1393,NA,NA
2008-08-10,1424,NA,NA
2008-08-17,1482,NA,NA
2008-08-24,1720,NA,NA
2008-08-31,1572,NA,NA
2008-09-07,1699,NA,NA
2008-09-14,2059,1,4.8567265662943174e-4
2008-09-21,1748,1,5.720823798627002e-4
2008-09-28,1739,1,5.750431282346176e-4
2008-10-05,1919,NA,NA
2008-10-12,2032,2,9.84251968503937e-4
2008-10-19,1827,NA,NA
2008-10-26,2159,NA,NA
2008-11-02,2396,NA,NA
2008-11-09,3317,1,3.0147723846849563e-4
2008-11-16,3303,NA,NA
2008-11-23,2653,NA,NA
2008-11-30,2988,1,3.3467202141900936e-4
2008-12-07,2902,1,3.4458993797381116e-4
2008-12-14,2896,3,0.0010359116022099447
2008-12-21,2231,NA,NA
2008-12-28,2665,1,3.75234521575985e-4
2009-01-04,3525,NA,NA
2009-01-11,3614,1,2.767017155506364e-4
2009-01-18,3996,NA,NA
2009-01-25,4829,NA,NA
2009-02-01,4964,NA,NA
2009-02-08,5447,1,1.8358729575913347e-4
2009-02-15,6014,NA,NA
2009-02-22,7465,2,2.6791694574681847e-4
2009-03-01,7656,1,1.3061650992685477e-4
2009-03-08,9391,4,4.2593972952827174e-4
2009-03-15,11009,9,8.17512943954946e-4
2009-03-22,11489,2,1.7407955435634086e-4
2009-03-29,12774,6,4.697040864255519e-4
2009-04-05,12825,4,3.118908382066277e-4
2009-04-12,15031,6,3.991750382542745e-4
2009-04-19,17183,5,2.9098527614502704e-4
2009-04-26,17320,9,5.196304849884527e-4
2009-05-03,17681,8,4.5246309597873425e-4
2009-05-10,16801,7,4.1664186655556215e-4
2009-05-17,17188,7,4.0726087968350014e-4
2009-05-24,16826,5,2.971591584452633e-4
2009-05-31,18074,2,1.1065619121389841e-4
2009-06-07,19212,6,3.123048094940662e-4
2009-06-14,20316,7,3.445560149635755e-4
2009-06-21,22286,10,4.487121959974872e-4
2009-06-28,22900,8,3.4934497816593884e-4
2009-07-05,22278,22,9.875213214830775e-4
2009-07-12,22547,16,7.096287754468443e-4
2009-07-19,23376,11,4.705681040383299e-4
2009-07-26,22290,5,2.2431583669807088e-4
2009-08-02,20083,7,3.485535029627048e-4
2009-08-09,22791,8,3.5101575183186346e-4
2009-08-16,22993,12,5.218979689470708e-4
2009-08-23,22796,9,3.9480610633444465e-4
2009-08-30,23721,9,3.794106487922094e-4
2009-09-06,24570,5,2.035002035002035e-4
2009-09-13,24848,12,4.829362524146813e-4
2009-09-20,28063,12,4.2760930762926274e-4
2009-09-27,27860,9,3.230437903804738e-4
2009-10-04,28720,12,4.1782729805013927e-4
2009-10-11,25893,12,4.634457189201715e-4
2009-10-18,25630,15,5.852516582130316e-4
2009-10-25,24886,9,3.616491199871414e-4
2009-11-01,24443,14,5.727611177024096e-4
2009-11-08,26564,6,2.2586959795211565e-4
2009-11-15,27896,6,2.150845999426441e-4
2009-11-22,24238,9,3.713177654922023e-4
2009-11-29,25362,13,5.125778724075389e-4
2009-12-06,23773,7,2.9445168889075845e-4
2009-12-13,25614,14,5.465760912001249e-4
2009-12-20,23055,13,5.638690088917805e-4
2009-12-27,22444,13,5.792193904829799e-4
2010-01-03,26607,7,2.6308866087871614e-4
2010-01-10,27728,18,6.491633006347375e-4
2010-01-17,28402,10,3.5208788113513134e-4
2010-01-24,29081,11,3.782538427151749e-4
2010-01-31,29411,21,7.140185644826765e-4
2010-02-07,30937,14,4.525325661828878e-4
2010-02-14,28929,20,6.913477825019876e-4
2010-02-21,30522,8,2.6210602188585284e-4
2010-02-28,32647,9,2.756761723894998e-4
2010-03-07,32231,17,5.274425242778691e-4
2010-03-14,34106,24,7.036885005570867e-4
2010-03-21,34105,7,2.0524849728778771e-4
2010-03-28,34961,15,4.29049512313721e-4
2010-04-04,34908,24,6.875214850464077e-4
2010-04-11,34623,31,8.953585766686885e-4
2010-04-18,34015,11,3.233867411436131e-4
2010-04-25,35272,14,3.9691540031753234e-4
2010-05-02,34834,9,2.5836826089452834e-4
2010-05-09,32258,11,3.41000682001364e-4
2010-05-16,33435,16,4.785404516225512e-4
2010-05-23,35494,17,4.789541894404688e-4
2010-05-30,35759,12,3.355798540227635e-4
2010-06-06,38061,21,5.51745881611098e-4
2010-06-13,36127,16,4.428820549727351e-4
2010-06-20,36342,11,3.0268009465632054e-4
2010-06-27,36286,19,5.236179242683128e-4
2010-07-04,36379,16,4.398141785095797e-4
2010-07-11,36891,16,4.337101189992139e-4
2010-07-18,38143,13,3.4082269354796424e-4
2010-07-25,39932,17,4.257237303415807e-4
2010-08-01,37715,19,5.037783375314861e-4
2010-08-08,41134,19,4.6190499343608693e-4
2010-08-15,39903,25,6.265193093251135e-4
2010-08-22,39488,11,2.785656401944895e-4
2010-08-29,40098,17,4.239612948276722e-4
2010-09-05,35545,21,5.908003938669292e-4
2010-09-12,38724,15,3.873566780291292e-4
2010-09-19,39162,19,4.851641897758031e-4
2010-09-26,39699,30,7.556865412227009e-4
2010-10-03,39536,17,4.2998785916632945e-4
2010-10-10,40345,17,4.213657206593134e-4
2010-10-17,40827,13,3.184167340240527e-4
2010-10-24,42932,25,5.823162210006522e-4
2010-10-31,41969,23,5.480235411851605e-4
2010-11-07,40474,14,3.459010722933241e-4
2010-11-14,42350,22,5.194805194805195e-4
2010-11-21,39136,21,5.365903515944399e-4
2010-11-28,42049,13,0.00030916311921805513
2010-12-05,43724,10,2.287073460799561e-4
2010-12-12,42190,21,4.977482815833135e-4
2010-12-19,40410,20,4.949269982677555e-4
2010-12-26,41052,72,0.0017538731365097924
2011-01-02,44159,49,0.0011096265766887838
2011-01-09,51799,13,2.509700959477982e-4
2011-01-16,51240,16,3.12256049960968e-4
2011-01-23,54114,32,5.913441992829952e-4
2011-01-30,54092,18,3.32766397988612e-4
2011-02-06,58130,17,2.924479614656804e-4
2011-02-13,56264,21,3.732404379354472e-4
2011-02-20,56334,23,4.082791919622253e-4
2011-02-27,59404,20,3.366776648037169e-4
2011-03-06,63267,38,6.006290799310857e-4
2011-03-13,62318,22,3.53028017587214e-4
2011-03-20,65840,20,3.0376670716889426e-4
2011-03-27,67869,37,5.451678969780017e-4
2011-04-03,67454,24,3.5579802532095947e-4
2011-04-10,74412,33,4.434768585711982e-4
2011-04-17,70382,29,4.1203716859424287e-4
2011-04-24,72196,33,4.570890354036235e-4
2011-05-01,73368,42,5.72456656853124e-4
2011-05-08,70409,29,4.1187916317516227e-4
2011-05-15,75432,50,6.628486583943154e-4
2011-05-22,74281,39,5.250333194221942e-4
2011-05-29,72930,36,4.936240230357877e-4
2011-06-05,79563,42,5.278835639681761e-4
2011-06-12,78697,47,5.972273403052213e-4
2011-06-19,80039,50,6.246954609627806e-4
2011-06-26,83315,53,6.361399507891736e-4
2011-07-03,78506,41,5.222530761979976e-4
2011-07-10,87368,38,4.3494185514147054e-4
2011-07-17,89877,43,4.7843163434471556e-4
2011-07-24,91277,42,4.601378222334213e-4
2011-07-31,91904,54,5.875696378830084e-4
2011-08-07,93891,61,6.496895336081201e-4
2011-08-14,93015,44,4.7304198247594473e-4
2011-08-21,95485,53,5.550610043462324e-4
2011-08-28,95707,56,5.851191657872465e-4
2011-09-04,90510,46,5.082311346812507e-4
2011-09-11,93811,43,4.5836842161367004e-4
2011-09-18,95465,51,5.342272036872152e-4
2011-09-25,99013,56,5.655822972740953e-4
2011-10-02,98250,61,6.208651399491094e-4
2011-10-09,95136,47,4.940295997309115e-4
2011-10-16,99313,65,6.544963902006787e-4
2011-10-23,104291,44,4.2189642442780296e-4
2011-10-30,101836,62,6.08822027573746e-4
2011-11-06,107268,37,3.4493045456240445e-4
2011-11-13,108071,60,5.551905691628652e-4
2011-11-20,105687,66,6.244855090976185e-4
2011-11-27,113472,65,5.728285391990975e-4
2011-12-04,117830,61,5.176949842994144e-4
2011-12-11,117975,67,5.679169315532952e-4
2011-12-18,111712,72,6.445144657691206e-4
2011-12-25,110866,59,5.321739757905941e-4
2012-01-01,119057,62,5.207589641936215e-4
2012-01-08,126900,74,5.831363278171788e-4
2012-01-15,135134,104,7.696064646943035e-4
2012-01-22,135079,62,4.589906647221256e-4
2012-01-29,132171,75,5.674467167532969e-4
2012-02-05,136795,83,6.067473226360612e-4
2012-02-12,142080,83,5.841779279279279e-4
2012-02-19,138425,78,5.634820299801336e-4
2012-02-26,148843,88,5.912269975746256e-4
2012-03-04,146452,80,5.462540627645918e-4
2012-03-11,148010,81,5.472603202486318e-4
2012-03-18,153829,69,4.485500133264859e-4
2012-03-25,158791,72,4.5342620173687427e-4
2012-04-01,157544,84,5.331843802366324e-4
2012-04-08,160838,99,6.155261816237456e-4
2012-04-15,160515,85,5.295455253403108e-4
2012-04-22,164617,96,5.831718473790678e-4
2012-04-29,160695,112,6.9697252559196e-4
2012-05-06,160826,105,6.528795095320409e-4
2012-05-13,162310,101,6.222660341322162e-4
2012-05-20,162048,94,5.800750394944707e-4
2012-05-27,159140,107,6.72363956264924e-4
2012-06-03,166564,111,6.66410508873466e-4
2012-06-10,171182,98,5.724900982579944e-4
2012-06-17,169214,116,6.855224744997459e-4
2012-06-24,170663,101,5.918095896591529e-4
2012-07-01,170637,152,8.907798425898251e-4
2012-07-08,175590,91,5.182527478785808e-4
2012-07-15,177910,95,5.33977853971109e-4
2012-07-22,181039,126,6.959826335761908e-4
2012-07-29,175750,109,6.20199146514936e-4
2012-08-05,179579,110,6.125437829590319e-4
2012-08-12,188587,149,7.900862731789572e-4
2012-08-19,178810,134,7.493988031989263e-4
2012-08-26,182515,141,7.725392433498617e-4
2012-09-02,186303,117,6.280092108017584e-4
2012-09-09,181885,93,5.113120928058938e-4
2012-09-16,182537,103,5.642691618685527e-4
2012-09-23,185813,105,5.65084251371002e-4
2012-09-30,187685,124,6.606814609585209e-4
2012-10-07,185676,106,5.708869213037765e-4
2012-10-14,184744,85,4.600961330273243e-4
2012-10-21,185720,119,6.407495153995261e-4
2012-10-28,193789,109,5.624674259116874e-4
2012-11-04,206261,133,6.448140947634308e-4
2012-11-11,195523,132,6.751123908696164e-4
2012-11-18,186572,99,5.306262461676994e-4
2012-11-25,194199,117,6.024747810235892e-4
2012-12-02,195416,142,7.266549310189544e-4
2012-12-09,203912,125,6.130095335242653e-4
2012-12-16,194357,126,6.482915459695303e-4
2012-12-23,181197,129,7.119323167602112e-4
2012-12-30,201065,137,6.813716957202895e-4
2013-01-06,209369,156,7.450959788698423e-4
2013-01-13,208022,152,7.306919460441684e-4
2013-01-20,203038,147,7.240024034909721e-4
2013-01-27,202795,135,6.656968860178998e-4
2013-02-03,205041,130,6.340195375559034e-4
2013-02-10,197537,109,5.517953598566345e-4
2013-02-17,196834,113,5.740878100328195e-4
2013-02-24,199767,139,6.958106193715679e-4
2013-03-03,200671,124,6.179268554001325e-4
2013-03-10,203218,124,6.10182168902361e-4
2013-03-17,206380,136,6.589785831960461e-4
2013-03-24,201624,119,5.902075149783756e-4
2013-03-31,201777,130,6.442756111945365e-4
2013-04-07,207459,133,6.410905287309781e-4
2013-04-14,220346,121,5.491363582728981e-4
2013-04-21,213873,130,6.078373614247708e-4
2013-04-28,206245,182,8.82445635045698e-4
2013-05-05,205994,116,5.631231977630416e-4
2013-05-12,195110,122,6.252882989083081e-4
2013-05-19,193653,137,7.074509560915658e-4
2013-05-26,193734,112,5.78112257012192e-4
2013-06-02,206151,126,6.112024680937759e-4
2013-06-09,204817,129,6.298305316453224e-4
2013-06-16,203983,143,7.010388120578675e-4
2013-06-23,199162,134,6.728191120796136e-4
2013-06-30,188157,137,7.281153504785897e-4
2013-07-07,197413,143,7.2436972235871e-4
2013-07-14,205177,126,6.141039200300228e-4
2013-07-21,199338,126,6.320922252656292e-4
2013-07-28,201380,152,7.54791935644056e-4
2013-08-04,202192,126,6.231700561842209e-4
2013-08-11,210556,132,6.269116054636296e-4
2013-08-18,203062,121,5.958771212733057e-4
2013-08-25,206850,128,6.188058979937152e-4
2013-09-01,203227,123,6.052345406860308e-4
2013-09-08,212747,148,6.956619834827283e-4
2013-09-15,211124,140,6.631174096739357e-4
2013-09-22,196505,100,5.088929034884609e-4
2013-09-29,194896,120,6.157129956489615e-4
2013-10-06,190115,90,4.733976803513663e-4
2013-10-13,193224,110,5.692874591148098e-4
2013-10-20,192859,117,6.066608247476135e-4
2013-10-27,196512,124,6.310047223579222e-4
2013-11-03,195172,115,5.892238640788637e-4
2013-11-10,192386,92,4.782052748120965e-4
2013-11-17,198825,115,5.783980887715327e-4
2013-11-24,187400,120,6.403415154749199e-4
2013-12-01,199491,103,5.1631401917881e-4
2013-12-08,193952,116,5.980861244019139e-4
2013-12-15,184713,102,5.5220802000942e-4
2013-12-22,168460,73,4.333372907515137e-4
2013-12-29,196538,124,6.309212467817928e-4
2014-01-05,213732,125,5.848445717066233e-4
2014-01-12,207980,114,5.481296278488316e-4
2014-01-19,223622,109,4.8742968044289024e-4
2014-01-26,222129,91,4.0967185734415586e-4
2014-02-02,223954,137,6.117327665502737e-4
2014-02-09,210297,97,4.6125241919761097e-4
2014-02-16,212054,116,5.470304733699907e-4
2014-02-23,209228,93,4.4449117708910855e-4
2014-03-02,224448,87,3.8761762189905904e-4
2014-03-09,223548,71,3.1760516757027574e-4
2014-03-16,223836,108,4.824961132257546e-4
2014-03-23,217970,92,4.220764325365876e-4
2014-03-30,205970,94,4.5637714230227706e-4
2014-04-06,197495,95,4.810248360717993e-4
2014-04-13,195910,86,4.3897708131284774e-4
2014-04-20,199188,92,4.6187521336626703e-4
2014-04-27,204762,90,4.395346792861957e-4
2014-05-04,197601,83,4.2003836012975644e-4
2014-05-11,190668,84,4.4055635974573606e-4
2014-05-18,191323,58,3.031522608363866e-4
2014-05-25,184161,85,4.615526631588664e-4
2014-06-01,190215,62,3.25946954761717e-4
2014-06-08,198686,78,3.925792456438803e-4
2014-06-15,190949,68,3.561160309820947e-4
2014-06-22,190443,70,3.675640480353702e-4
2014-06-29,186423,65,3.486694238371875e-4
2014-07-06,190848,77,4.03462441314554e-4
2014-07-13,184664,80,4.332192522635706e-4
2014-07-20,186267,90,4.831773744141474e-4
2014-07-27,181815,89,4.89508566399912e-4
2014-08-03,176820,75,4.2416016287750253e-4
2014-08-10,179336,76,4.2378551991791946e-4
2014-08-17,176597,71,4.020453348584631e-4
2014-08-24,182571,87,4.76526940204085e-4
2014-08-31,180160,77,4.273978685612789e-4
2014-09-07,181823,82,4.5098804881670636e-4
2014-09-14,176429,58,3.287441407024922e-4
2014-09-21,177869,60,3.373269091297528e-4
2014-09-28,176459,75,4.2502791016610093e-4
2014-10-05,175191,62,3.538994583055066e-4
2014-10-12,178451,58,3.2501919294372123e-4
2014-10-19,169538,57,3.3620781181799953e-4
2014-10-26,169085,67,3.9625040660023065e-4
2014-11-02,171695,59,3.436326043274411e-4
2014-11-09,173236,59,3.405758618301046e-4
2014-11-16,168817,70,4.1465018333461677e-4
2014-11-23,163666,59,3.604902667627974e-4
2014-11-30,166408,43,2.584010384116148e-4
2014-12-07,162743,66,4.0554739681583846e-4
2014-12-14,158347,51,3.220774627874226e-4
2014-12-21,144096,58,4.0250943815234286e-4
2014-12-28,160811,50,3.1092400395495336e-4
2015-01-04,171220,75,4.380329400770938e-4
2015-01-11,173207,53,3.059922520452407e-4
2015-01-18,177120,53,2.9923215898825656e-4
2015-01-25,176969,62,3.5034384553226836e-4
2015-02-01,187352,52,2.7755241470600795e-4
2015-02-08,180013,73,4.055262675473438e-4
2015-02-15,180396,65,3.60318410607774e-4
2015-02-22,185250,59,3.184885290148448e-4
2015-03-01,179365,55,3.0663730382181586e-4
2015-03-08,178813,64,3.5791581149021605e-4
2015-03-15,176630,67,3.793240106437185e-4
2015-03-22,175668,52,2.960129334881709e-4
2015-03-29,172499,65,3.7681377863060074e-4
2015-04-05,175346,54,3.0796254263000013e-4
2015-04-12,167969,50,2.976739755550131e-4
2015-04-19,173203,49,2.829050305133283e-4
2015-04-26,177320,34,1.917437401308369e-4
2015-05-03,178306,51,2.860251477796597e-4
2015-05-10,168980,56,3.3140016570008286e-4
2015-05-17,165237,47,2.8443992568250454e-4
2015-05-24,159130,66,4.1475523157167096e-4
2015-05-31,167869,71,4.2294884701761493e-4
2015-06-07,167995,49,2.9167534748057977e-4
2015-06-14,170781,43,2.5178444908976994e-4
2015-06-21,168739,81,4.800312909285939e-4
2015-06-28,166229,73,4.3915321634612495e-4
2015-07-05,162385,38,2.340117621701512e-4
2015-07-12,163692,49,2.9934266793734575e-4
2015-07-19,168247,65,3.863367548901318e-4
2015-07-26,170643,42,2.461278810147501e-4
2015-08-02,169256,51,3.013187124828662e-4
2015-08-09,171139,42,2.4541454607073784e-4
2015-08-16,174319,52,2.9830368462416604e-4
2015-08-23,177397,42,2.3675710412239214e-4
2015-08-30,184079,43,2.3359535851455083e-4
2015-09-06,168663,63,3.7352590668967114e-4
2015-09-13,177523,48,2.7038749908462565e-4
2015-09-20,170768,53,3.103625972079078e-4
2015-09-27,166213,34,2.0455680361945215e-4
2015-10-04,164550,38,2.3093284715891826e-4
2015-10-11,166569,39,2.3413720440177945e-4
2015-10-18,166385,45,2.7045707245244464e-4
2015-10-25,162132,44,2.7138381072212766e-4
2015-11-01,162420,50,3.0784386159339984e-4
2015-11-08,170060,30,1.7640832647300954e-4
2015-11-15,174419,46,2.637327355391328e-4
2015-11-22,161040,44,2.73224043715847e-4
2015-11-29,174156,43,2.469050736121638e-4
2015-12-06,167988,40,2.3811224611281758e-4
2015-12-13,162892,37,2.2714436559192593e-4
2015-12-20,145210,33,2.27257075958956e-4
2015-12-27,149071,44,2.9516136606046786e-4
2016-01-03,167859,50,2.9786904485312076e-4
2016-01-10,176752,38,2.1499049515705623e-4
2016-01-17,177300,46,2.5944726452340665e-4
2016-01-24,182734,43,2.3531471975658607e-4
2016-01-31,172237,37,2.1482027671174023e-4
2016-02-07,177955,41,2.3039532466072885e-4
2016-02-14,173488,50,2.8820437148390665e-4
2016-02-21,169379,53,3.129077394482197e-4
2016-02-28,173077,45,2.599998844444958e-4
2016-03-06,169313,43,2.5396750397193365e-4
2016-03-13,166657,35,2.1001218070648098e-4
2016-03-20,168538,37,2.195350603424747e-4
2016-03-27,171761,28,1.6301721578239532e-4
2016-04-03,171505,40,2.3322935191393836e-4
2016-04-10,173396,38,2.1915153752105008e-4
2016-04-17,169147,30,1.7736052073048886e-4
2016-04-24,169259,27,1.595188439019491e-4
2016-05-01,167512,36,2.1490997659869143e-4
2016-05-08,164632,41,2.4904028378444046e-4
2016-05-15,166104,30,1.8060973847709868e-4
2016-05-22,166500,33,1.9819819819819818e-4
2016-05-29,160562,41,2.5535307233342884e-4
2016-06-05,167948,48,2.8580274846976445e-4
2016-06-12,172732,35,2.0262603339277031e-4
2016-06-19,172779,26,1.504812506149474e-4
2016-06-26,166768,35,2.0987239758226998e-4
2016-07-03,164988,38,2.303197808325454e-4
2016-07-10,160046,46,2.874173675068418e-4
2016-07-17,159163,37,2.324660882240219e-4
2016-07-24,158584,34,2.143974171417041e-4
2016-07-31,150882,32,2.120862660887316e-4
2016-08-07,150164,30,1.997815721477851e-4
2016-08-14,147447,48,3.2554070276099206e-4
2016-08-21,148378,25,1.684885899526884e-4
2016-08-28,153681,29,1.887025722112688e-4
2016-09-04,154836,30,1.9375339068433697e-4
2016-09-11,166530,35,2.101723413198823e-4
2016-09-18,156854,29,1.848853073558851e-4
2016-09-25,166295,44,2.6459003577978895e-4
2016-10-02,159824,33,2.0647712483732106e-4
2016-10-09,163393,31,1.8972661007509502e-4
2016-10-16,163854,35,2.1360479451218767e-4
2016-10-23,159509,30,1.880771617902438e-4
2016-10-30,167002,33,1.976024239230668e-4
2016-11-06,190983,30,1.570820439515559e-4
2016-11-13,155473,19,1.2220771452277888e-4
2016-11-20,148375,43,2.898062342038753e-4
2016-11-27,155775,35,2.2468303643074947e-4
2016-12-04,151003,30,1.986715495718628e-4
2016-12-11,145740,27,1.8526142445450804e-4
2016-12-18,135355,33,2.4380333197887038e-4
2016-12-25,134998,31,2.2963303160046815e-4
2017-01-01,145893,32,2.1933883051277305e-4
2017-01-08,154104,30,1.946737268338265e-4
2017-01-15,157640,33,2.0933773154021822e-4
2017-01-22,168027,44,2.6186267683169965e-4
2017-01-29,170974,31,1.8131411793606046e-4
2017-02-05,171170,51,2.9794940702225855e-4
2017-02-12,159944,35,2.188265893062572e-4
2017-02-19,152728,32,2.095228117961343e-4
2017-02-26,159197,34,2.1357186379140312e-4
2017-03-05,153998,19,1.2337822569124274e-4
2017-03-12,150335,18,1.1973259719958759e-4
2017-03-19,151597,41,2.7045390080278635e-4
2017-03-26,142944,17,1.1892769196328632e-4
2017-04-02,145641,17,1.1672537266291773e-4
2017-04-09,140145,25,1.7838667094794677e-4
2017-04-16,144807,39,2.6932399676811203e-4
2017-04-23,147990,30,2.0271639975674033e-4
2017-04-30,146429,28,1.9121895252989505e-4
2017-05-07,145832,27,1.8514454989302758e-4
2017-05-14,140541,29,2.06345479255164e-4
2017-05-21,144237,19,1.3172764269916873e-4
2017-05-28,142526,36,2.525854931731754e-4
2017-06-04,150358,38,2.5273015070697934e-4
2017-06-11,147741,31,2.0982665610764785e-4
2017-06-18,146031,40,2.73914442823784e-4
2017-06-25,150564,22,1.4611726574745624e-4
2017-07-02,140072,25,1.78479639042778e-4
2017-07-09,147785,34,2.3006394424332646e-4
2017-07-16,148583,26,1.7498637125377736e-4
2017-07-23,149495,24,1.6054048630388977e-4
2017-07-30,142233,28,1.968600816969339e-4
2017-08-06,143075,29,2.026908963830159e-4
2017-08-13,159580,32,2.0052638175209925e-4
2017-08-20,152318,44,2.888693391457346e-4
2017-08-27,156446,38,2.4289531212047608e-4
2017-09-03,153164,34,2.2198427828993758e-4
2017-09-10,151809,34,2.2396564103577523e-4
2017-09-17,153410,34,2.2162831627664428e-4
2017-09-24,160305,43,2.682386700352453e-4
2017-10-01,156023,52,3.3328419527890117e-4
2017-10-08,149540,38,2.541126120101645e-4
2017-10-15,147827,38,2.5705723582295523e-4
2017-10-22,145006,44,3.0343571990124545e-4
2017-10-29,152478,35,2.295413108776348e-4
2017-11-05,151334,29,1.9162911176602747e-4
2017-11-12,147822,32,2.1647657317584663e-4
2017-11-19,140851,43,3.0528714741109397e-4
2017-11-26,155169,25,0.00016111465563353505
2017-12-03,147551,27,1.82987577176705e-4
2017-12-10,145738,26,1.784023384429593e-4
2017-12-17,136171,26,1.9093639614895978e-4
2017-12-24,121505,27,2.2221307765112546e-4
2017-12-31,143153,22,1.536817251472201e-4
2018-01-07,145669,24,1.647570862709293e-4
2018-01-14,144684,21,1.4514389980923944e-4
2018-01-21,144102,28,1.943068104537064e-4
2018-01-28,146735,31,2.1126520598357582e-4
2018-02-04,155252,39,2.512044933398604e-4
2018-02-11,148971,26,1.7453061334085158e-4
2018-02-18,149720,19,1.269035532994924e-4
2018-02-25,149719,42,2.8052551780335163e-4
2018-03-04,148381,19,1.280487393938577e-4
2018-03-11,151885,21,1.382625012344866e-4
2018-03-18,150382,18,1.1969517628439574e-4
2018-03-25,145928,24,1.6446466750726386e-4
2018-04-01,144646,22,1.5209546064184285e-4
2018-04-08,146530,16,1.0919265679383062e-4
2018-04-15,149447,13,8.698736006744866e-5
2018-04-22,154439,49,3.172773716483531e-4
2018-04-29,150209,38,2.5298084668694954e-4
2018-05-06,146132,22,1.5054881887608464e-4
2018-05-13,148979,39,2.617818618731499e-4
2018-05-20,145047,32,2.206181444635187e-4
2018-05-27,150452,44,2.9245207773907956e-4
2018-06-03,153334,35,2.2825987713096898e-4
2018-06-10,154327,43,0.00027862914460852607
2018-06-17,157418,31,1.9692792437967703e-4
2018-06-24,152763,35,2.2911307057337183e-4
2018-07-01,149948,21,1.4004855016405687e-4
2018-07-08,147978,37,2.500371676870886e-4
2018-07-15,151106,38,2.514790941458314e-4
2018-07-22,145338,27,1.857738512983528e-4
2018-07-29,144572,32,2.2134299864427412e-4
2018-08-05,143792,28,1.9472571492155336e-4
2018-08-12,140864,33,2.342685143116765e-4
2018-08-19,142716,38,2.6626306791109616e-4
2018-08-26,146909,44,2.99505135832386e-4
2018-09-02,152599,34,2.2280617828426136e-4
2018-09-09,157561,27,1.7136220257551045e-4
2018-09-16,153678,43,2.798058277697523e-4
2018-09-23,163164,24,1.470912701331176e-4
2018-09-30,161693,20,1.2369119256863315e-4
2018-10-07,157353,34,2.160746855795568e-4
2018-10-14,152363,11,7.21960055919088e-5
2018-10-21,154769,17,1.0984111805335693e-4
2018-10-28,155905,17,1.0904076200250153e-4
2018-11-04,164669,31,1.8825644171034013e-4
2018-11-11,156755,27,1.722433096232975e-4
2018-11-18,139670,30,2.1479200973723776e-4
2018-11-25,151849,25,1.646372383091097e-4
2018-12-02,153544,22,1.4328140467878914e-4
2018-12-09,149118,25,1.676524631499886e-4
2018-12-16,145779,34,2.3322975188470218e-4
2018-12-23,133419,28,2.098651616336504e-4
2018-12-30,151389,40,2.642199895633104e-4
2019-01-06,160332,31,1.9334880123743234e-4
2019-01-13,161173,33,2.0474893437486428e-4
2019-01-20,166432,27,1.6222841761199768e-4
2019-01-27,165615,43,2.5963831778522475e-4
2019-02-03,168940,33,1.9533562211436012e-4
2019-02-10,164931,21,1.2732597267948415e-4
2019-02-17,161063,41,2.5455877513767903e-4
2019-02-24,171538,31,1.8071797502594176e-4
2019-03-03,169733,37,2.1798943045842588e-4
2019-03-10,175011,28,1.599899434892664e-4
2019-03-17,171039,23,1.344722548658493e-4
2019-03-24,172634,54,3.128004912126232e-4
2019-03-31,172233,38,2.206313540378441e-4
2019-04-07,173520,19,1.094974642692485e-4
2019-04-14,167431,32,1.9112350759417312e-4
2019-04-21,169994,36,2.117721801945951e-4
2019-04-28,167954,32,1.9052835895542826e-4
2019-05-05,173912,23,1.3225079350476102e-4
2019-05-12,177455,32,1.803274069482404e-4
2019-05-19,169722,59,3.476272964023521e-4
2019-05-26,165846,41,2.4721729797523004e-4
2019-06-02,170113,47,2.7628693868193496e-4
2019-06-09,176679,38,2.1507932465092059e-4
2019-06-16,171054,44,0.00025722871140107804
2019-06-23,172362,43,2.494749422726587e-4
2019-06-30,173507,80,4.6107649835453325e-4
2019-07-07,167646,46,2.743876978872147e-4
2019-07-14,178825,52,2.907870823430728e-4
2019-07-21,175158,55,3.1400221514289956e-4
2019-07-28,171882,47,2.7344340885025774e-4
2019-08-04,178019,34,1.9099084929136777e-4
2019-08-11,172867,71,4.107203804080594e-4
2019-08-18,174226,40,2.295868584482224e-4
2019-08-25,176698,64,3.6219991171377154e-4
2019-09-01,176796,35,1.9796827982533543e-4
2019-09-08,182545,49,2.6842696321454984e-4
2019-09-15,185474,41,2.2105524224419595e-4
2019-09-22,194052,54,2.7827592604044276e-4
2019-09-29,190908,31,1.6238188027741112e-4
2019-10-06,193668,58,2.994815870458723e-4
2019-10-13,192350,52,2.703405250844814e-4
2019-10-20,198996,54,2.713622384369535e-4
2019-10-27,203459,47,2.3100477246029913e-4
2019-11-03,200847,25,1.2447285744870474e-4
2019-11-10,211836,42,1.9826658358352688e-4
2019-11-17,207113,34,1.6416159294684545e-4
2019-11-24,194784,42,2.1562345983242978e-4
2019-12-01,208952,42,2.010031011907041e-4
2019-12-08,209000,35,1.6746411483253588e-4
2019-12-15,200563,38,1.894666513763755e-4
2019-12-22,174131,42,2.4119771895871498e-4
2019-12-29,200120,35,1.7489506296222267e-4
2020-01-05,211981,59,2.78326831178266e-4
2020-01-12,214852,55,2.5599016997747285e-4
2020-01-19,209494,53,2.529905391085186e-4
2020-01-26,228066,71,3.113133917374795e-4
2020-02-02,226707,42,1.8526115205970702e-4
2020-02-09,215023,63,2.929919124930821e-4
2020-02-16,211198,63,2.982982793397665e-4
2020-02-23,220433,61,2.7672807610475744e-4
2020-03-01,225241,62,2.752607207391194e-4
2020-03-08,262155,57,2.1742862047262115e-4
2020-03-15,308022,47,1.5258650356143392e-4
2020-03-22,316803,67,2.114878962636086e-4
2020-03-29,306607,50,1.6307520702397532e-4
2020-04-05,287319,50,1.7402260205555498e-4
2020-04-12,283812,78,2.748298169210604e-4
2020-04-19,286461,59,2.0596171904726997e-4
2020-04-26,271553,102,3.756172828140363e-4
2020-05-03,271645,87,3.202709418542583e-4
2020-05-10,277436,108,3.8927896884326474e-4
2020-05-17,280590,95,3.385722940945864e-4
2020-05-24,316628,48,1.5159745821595057e-4
2020-05-31,437751,61,1.3934862513163875e-4
2020-06-07,343068,82,2.3901966956988118e-4
2020-06-14,338734,77,2.273170098071053e-4
2020-06-21,339795,61,1.7952000470872144e-4
2020-06-28,341180,63,1.8465326220763232e-4
2020-07-05,336735,93,2.761815671076663e-4
2020-07-12,342879,68,1.98320690389321e-4
2020-07-19,354708,80,2.2553762531434308e-4
2020-07-26,355993,67,1.8820594786976149e-4
2020-08-02,352459,60,1.7023256605732865e-4
2020-08-09,374976,78,2.0801331285202253e-4
2020-08-16,386729,73,1.8876267360347945e-4
2020-08-23,422253,94,2.2261535145990673e-4
2020-08-30,407603,66,1.6192226259374932e-4
2020-09-06,416463,77,1.8489037441501405e-4
2020-09-13,449231,83,1.8476017906155184e-4
2020-09-20,454493,78,1.716198049254884e-4
2020-09-27,534237,88,1.647209010233286e-4
2020-10-04,565786,135,2.386061160933639e-4
2020-10-11,499235,68,1.3620839885024086e-4
2020-10-18,252502,28,1.1089021077060776e-4
2020-10-25,35907,7,1.9494806026680036e-4
